Timestamp,Card Suite,Value
2025-05-11T02:43:52.586193,dairy,4
2025-05-11T02:43:52.586193,meat,10
2025-05-11T02:43:52.586193,dairy,1
2025-05-11T02:43:52.586193,meat,8
2025-05-11T02:43:52.586193,grains,9
2025-05-11T02:43:54.129153,dairy,10
2025-05-11T02:43:54.129153,grains,1
2025-05-11T02:43:54.129153,grains,4
2025-05-11T02:43:54.129153,grains,2
2025-05-11T02:43:54.129153,dairy,5
2025-05-11T02:43:56.592867,dairy,6
2025-05-11T02:43:56.592867,meat,11
2025-05-11T02:43:56.592867,dairy,3
2025-05-11T02:43:56.592867,meat,4
2025-05-11T02:44:05.256566,meat,7
2025-05-11T02:44:05.256566,veggie,1
2025-05-11T02:44:05.256566,dairy,2
2025-05-11T02:44:05.256566,veggie,5
2025-05-11T02:44:07.618554,meat,10
2025-05-11T02:44:07.618554,veggie,7
2025-05-11T02:44:07.618554,dairy,1
2025-05-11T02:44:07.618554,veggie,4
2025-05-11T02:44:09.112394,veggie,8
2025-05-11T02:44:09.112394,meat,9
2025-05-11T02:44:09.112394,dairy,4
2025-05-11T02:44:09.112394,dairy,7
2025-05-11T02:56:24.783330,veggie,6
2025-05-11T02:56:24.783330,dairy,2
2025-05-11T02:56:24.783330,grains,7
2025-05-11T02:56:24.783330,veggie,5
2025-05-11T03:09:19.717297,meat,11
2025-05-11T03:09:19.717297,veggie,2
2025-05-11T03:09:19.717297,veggie,6
2025-05-11T03:09:19.717297,veggie,9
2025-05-11T03:09:21.044573,grains,11
2025-05-11T03:09:21.044573,grains,5
2025-05-11T03:09:21.044573,meat,5
2025-05-11T03:09:21.044573,meat,7
2025-05-11T03:09:24.076328,veggie,7
2025-05-11T03:09:24.076328,grains,10
2025-05-11T03:09:24.076328,veggie,3
2025-05-11T03:09:24.076328,veggie,1
